a;222
a;272
a;384
a;466
a;84
aacnmdmkmcgo;213
aafobbjankamoa;270
ab;494
abigimhf;170
abokjga;355
aciifjanjbofn;58
acjeolka;354
acloch;47
aeajhi;312
aeiggnleih;241
aeloaohacnnhhhj;269
afcjnbicdfhb;74
afhcmfgcjcffjom;65
afladkaahhiffm;197
agdgd;2
agfggbdblhn;160
agjfi;178
ah;464
ahflnjmalaoanif;371
ahijgdhngl;164
ai;461
ai;481
aiaclhkkhgf;329
aiedebcaajicmef;191
aieecgedjjoa;86
aihighbaa;397
ailefgkbm;483
aiobijheagolffm;344
aioemdkamjf;267
ajddimg;201
ak;14
ak;95
akanjc;263
akcmaj;302
akdmokkiiigejf;274
akf;0
akhnelnf;211
akmdbk;112
aknaebkablmbee;287
aknd;84
ako;409
akoajdcnnnb;228
akobadlc;344
alehkmjaoklgj;344
alh;475
amoil;147
anbb;161
anjokknd;159
ankhnkifd;130
aoaibabmhafdh;287
aocgeljljnc;124
aocnmiiajacn;4
aofkhg;90
aogibnlfcnk;428
aoglhjboa;458
aoog;271
b;186
b;228
b;320
b;384
b;396
b;431
b;462
b;72
baabkddh;302
backhh;364
baddbmbaegfio;418
bagienfhih;45
baongmo;98
bbi;275
bcbelk;233
bcbghkicoeb;97
bccheeooogec;71
bcghcecbefolc;1
bcjefdc;17
bcjhigfhgm;95
bcjidjlghjf;180
bcono;175
bd;212
bdcg;389
bdh;206
bdkokkjgabcnc;268
be;348
be;371
beakdilcanghkjj;98
bedachcobbaggeg;181
bedliggeklggokn;154
begliond;344
bfcblggkf;206
bfllkmjknmob;345
bfnlhoknineklbl;147
bfogeiin;73
bg;205
bgdmfllkidbf;157
bghfimjejnh;286
bgi;224
bgknf;237
bhfndncdhkdkg;60
bhhime;134
bhokdeedcii;457
bibdgflmlcodcc;193
bidohfeglecg;214
bijkm;426
bindagefn;320
bj;390
bjbcammkoaeilh;295
bjgjjkmi;463
bk;329
bk;68
bkhehdibckj;190
bkjohe;214
blhcnbjdcfaoa;113
bllllcnk;339
blng;111
bm;387
bmafg;270
bmbia;296
bmnoofgkdgcokn;464
bnbkdoaifnj;157
bnebnkcfbhh;250
bnfgc;443
bnnfcmobno;424
boanblaedhmemdc;249
bofgon;326
bog;115
bookf;412
c;169
c;376
c;64
c;85
ca;267
cabgbmjmfagkb;306
cabi;56
caefmcjjkfb;57
caehdegmkfkfdc;263
cagh;67
cahbbhkdadhc;416
caje;305
can;37
cb;422
cbanfcnejg;15
cbeaggbbh;1
cbkfgemd;382
ccin;96
cdbbeenkmmegmdd;454
cdbj;10
cebkgamghnccc;100
ceejlkbedja;229
ceekjbnfgmcf;437
cenen;169
cfcmhhafihh;470
cfej;441
cfhfiejdehjkb;331
cfkdhfnkfb;228
cfodaa;163
cgocmjk;226
cgoemnaaelcf;92
chall;19
chbjbcno;468
chch;242
cheijahc;81
chekimgjlgmoakf;431
chfgocijkecegn;176
chlbejfhhkb;221
chogc;17
chonk;173
cicfcdcgl;353
cickamiodif;418
cihhmnbjmaji;419
ciiofeoheojla;24
cijhinnmnlgdhb;230
cj;168
cjbhkbekfkc;204
cjcem;97
cjjfnfnmnncggdj;327
cjjkicjoefnmg;324
cjmghokacdob;317
ck;299
ckalhfnimkmhi;431
ckbaieknof;3
ckckn;376
ckcmlmelclgfgfm;430
ckh;396
clbanjfo;213
cldeghc;418
clegoljmhjeann;463
clneokdjfbgk;279
clnhj;446
cm;366
cmdamiamiecok;350
cmebibdbjnofhm;93
cmndnebmhd;493
cnboh;268
cneanbbl;217
cnhkohnenmclia;117
cnj;85
cnk;327
cnkkojibegj;392
cnkldjnm;213
co;175
co;220
codnb;465
coeglokfi;271
cokngcdkifenehh;155
d;442
da;498
dabij;385
dabomi;381
dahjcdebo;346
damnchjjhlmoj;191
dbhkogd;232
dbjceobnjaab;437
dccihlmbmaa;114
dchkjijmaii;488
dckjffejggo;296
dcmfhl;311
dcnibllk;412
dcoibgdjijbbmi;219
ddeci;294
ddfcoilikek;412
ddgd;2
ddglfbhc;449
ddjinahgjjb;336
ddkdhlecja;142
deinn;483
dejkmiakcjdkk;157
dfcikjbgdh;37
dfdokgejafl;98
dfn;499
dfoibdodihmlk;147
dgcfcadkcffecni;254
dgdncmlcfohdhn;465
dgnkf;127
dgokmb;378
dhagolicekdfab;94
dhdjikmicifh;467
dhokndaa;342
didjhmlioeejdom;226
diebbi;203
dihcj;149
dihi;497
dilkhggl;185
dilkhlbneoe;204
dj;260
djalfelookdclbj;322
djckmhddngongo;88
djeiggniebinbcf;383
djineojhgjl;345
djlaiclohi;252
djnaj;27
dk;484
dkdnegbkefllmf;188
dkhcfjdodonnhhd;159
dkjof;406
dlaeodnmhilldak;146
dlg;327
dnddcakggjhlm;300
dnddfmmahhha;37
dndk;427
dnfljflmbla;366
dnjkdb;22
dnmehbifilnhja;351
dnmlhenofle;315
docbl;416
docdjgailfdmhob;276
dofcdga;85
domeana;316
domkmjbmenbj;135
e;13
e;153
e;17
e;237
eaga;9
eagan;77
eb;294
eba;210
ebaffbdcmhlmcn;400
ebanj;268
ebdgei;87
ebmhelglaifamco;360
ec;307
ecadka;193
ecbfeb;262
eckie;132
ecnbgngmcgdijo;273
ed;273
edddogdgmmng;27
eddjhklbk;493
eddloejkm;218
edebhmh;75
edgjikhdecdbn;484
eeaaofnhbdmdc;331
eeied;318
eeilaaallbgj;51
eeoaidamk;180
eeoiojdagh;265
efh;47
efjbgmjcf;300
efjlfnbcjogl;50
efmfejjjmeh;473
efojlflennn;204
eg;241
eg;368
egbfhmjlhebk;133
ehaclobbdbjf;99
ehhfafeadbb;351
ehihmf;180
ehlh;228
ei;25
eilldnmakh;75
ejaedi;378
ejdblfnckdcabln;261
ejefjlll;487
ejgec;243
ekbh;91
ekemn;427
ekgondljfka;126
ekoaje;224
el;283
elajhf;150
eld;63
elgaa;195
elgnh;311
elh;436
elmbnd;406
emangobfcgmamc;350
emcbikemo;409
emgaon;376
emmnbk;454
emneloofjhho;47
emoggbefkm;194
enfnnmnjdhici;337
ennkjcl;395
eoacbaga;154
eoenjo;85
eokb;472
eokkcmbkkjdk;81
f;11
f;158
f;62
f;88
famachon;251
fbaflmoa;254
fbhldnol;78
fblbocodooaenk;49
fblncoahgeknkj;190
fboihb;385
fbon;75
fcffhcaoo;287
fcgcbchfkhd;285
fcnmebgn;329
fdebahidalf;437
fdggnhkjee;272
fdihjiddc;3
fdkohebfn;3
feikjfhgofbnlg;72
feogkmdicoijnkd;244
ffcfjegcm;399
ffhcigeooeooaac;498
ffifbi;365
ffomncieblcede;344
fgenihgeggbeci;464
fgoccf;52
fgofmmamncnhik;270
fh;21
fhfombcih;60
fhgeijgidlf;268
fhmg;122
fi;141
fidnnbmhglm;96
fienafdlfd;107
finjod;99
fjbblbdefemf;489
fjfclckenn;180
fjfimc;284
fjmgchmccjb;128
fkbfdac;272
fki;413
fkjcgomedafckc;461
fl;67
fllcjcabffi;366
fmdhlamheoka;321
fmm;11
fmnjnmhegdknah;380
fnfdkc;7
fnhc;383
fnjcg;347
fnlfi;464
fnojcbaoahggelg;234
fo;318
g;118
g;128
g;21
g;332
g;379
g;381
gaa;300
gagakdbjeelidak;62
galfoa;195
gbbihclddh;228
gbfiadfekogmc;398
gbkjmbelllei;392
gchjddgiioabjl;418
gcnneockn;260
gdljob;337
gdneacbonmcice;327
gebnkbbodebcgmb;485
geled;320
geoobahgfhlo;193
gf;346
gfaimdid;289
gfcbbceammlc;29
gfckidojdcan;329
gffhdodd;215
gfkgmioffbook;480
ggeiige;325
gghn;428
ggkdbobaenonk;129
ggmaf;41
ggmfdmaakbif;182
ghgkhec;215
ghho;408
ghnf;457
gic;385
gig;497
gih;346
gihbcaceg;184
gihbjik;440
gijkooc;272
gingjgnjildghk;353
gj;453
gjfncbhjb;259
gjjacnaeh;11
gjklimo;60
gk;385
gkaem;214
gkcdnkkfh;417
gkcjon;391
gkdj;481
gl;106
gl;156
glbhollgeclamig;11
gle;147
glia;479
glm;251
glmfn;49
glmjkildibeidke;205
gmekhijgkiin;425
gn;137
gncei;431
gncjlcnojonlm;159
gnefijaaeoofgj;264
gnikab;69
gnnelclccj;141
gnoja;74
gocejkdnkjedlja;442
gocloabc;342
gogfjglkgdlfne;115
h;168
h;305
h;396
h;467
ha;410
habekoih;167
haccn;461
hacfhaoiddbcim;478
hagcgmdbkhakj;340
hah;476
hailannnbi;318
hanabl;379
hanhjaanmkdff;478
hb;17
hbcndhfccalbel;9
hbejkglbjbnj;205
hbhnnlfkhhheg;121
hbmn;63
hbnolnomiid;83
hcblcjnjg;188
hcd;46
hcdfnbjlbjded;324
hcgnmjil;449
hclmk;397
hd;456
hdcbjcmjh;176
hde;310
hdeamhii;401
hdic;171
hdijfam;84
hdolj;444
hed;222
hem;39
heoahbjk;319
heodgbe;34
hf;9
hfd;471
hfdgcflanfhaaf;71
hfgndkj;215
hfhhhlang;213
hfjclhoncboojdh;497
hgcbnlejaeel;352
hgcek;384
hgfhfgbgnjbnlc;411
hgoolgjnnbjncnh;97
hhhajjnobb;265
hhieg;109
hhlodc;463
hhncjemhngo;296
hi;240
hi;267
hibdhjgbmiog;485
hibhadkce;336
higlkmm;450
hil;248
hj;143
hjcjagihnnamgme;23
hjjghiogam;41
hjjkelhmhkbeklk;462
hk;399
hkamfhddibjjdd;22
hkckigcgjig;325
hkehmo;307
hkgbmnnjcggh;292
hkggiadmcgkj;315
hldcfanine;312
hlfaahdfjednoa;232
hlledolb;228
hmaicjkcgjhklho;334
hmd;412
hmhm;135
hmnjiadeamo;53
hmnlgdiad;118
hnggolck;489
hnhoodonamd;199
hnkdgjoockjd;355
ho;284
hocflomlco;488
hocnofcf;29
hodjejoaiedamm;58
homhbgc;109
honmea;338
i;102
i;207
i;8
ianifkil;496
iaohh;104
ibb;69
ibcdlkoca;203
ibemmmoi;389
ibhfkmgffkohohe;150
ibijj;370
ic;247
icaimboeodbgbii;276
icgcalomaojj;210
icihbnf;72
icjhbclckcblk;385
icokeocabchb;221
id;150
idbmgegjakjdm;232
idcn;6
idjm;265
idlendmabnm;369
idmlhlhoho;87
idnlbjfcdehfa;267
ied;400
ieebkndc;175
iencefkjdfhhnfa;307
if;498
ifdljkle;264
ifdmlhfjbak;303
ifkifnhaon;304
igeedmdfglf;105
igjnnbcnf;53
ih;79
ihboofnomb;60
ihf;137
iildcbdb;323
iinmiignddk;54
ijdmoneffhfd;158
ijmagbckihnckdm;101
ijnfmigh;468
ik;8
ikackbkffci;400
ikcnenonhc;372
ikdamcekiff;15
ikfbkmgmm;103
ikglbllfgg;257
ikhjnolledf;35
ikjedneabao;32
ikjmgliah;348
iklmija;96
ikn;205
iknn;226
ilchmdecakj;129
ilhkebkd;195
ilmmjcgjmdla;157
imagfammea;292
imhj;207
imjabanabe;470
immbjcjnaldg;307
inagbem;244
inagfe;426
inff;307
ing;75
injnmknb;381
inm;403
innmodh;400
inob;297
io;226
iobkbgmiifcd;243
ioccbdjfdnoal;51
iole;407
ioof;116
j;212
j;247
j;428
j;432
ja;466
jaclmg;436
jafo;290
jajbkolkifjkg;319
jakaibdminh;265
jaohocbafhde;98
jbafl;284
jbfcenimeol;126
jbmijigfl;124
jccgj;462
jcoghelcmhmnkf;352
jd;397
jdd;334
jdlahmlfak;276
jdlgofan;302
jdmckjdmedjbahf;417
jdmcobelidimeoa;82
jebkjgdh;196
jekodndidbegnmk;121
jfcdbbeeeljiaaf;20
jfgklhnj;347
jfmbijo;113
jfodjdihobhafgh;131
jgakle;173
jgdgjdh;277
jgihodbabn;475
jhfgfbcbde;470
jhgmcobian;461
jhidgjaamogf;201
jiabbilfenool;462
jifg;457
jigjfdgbmadkado;325
jijgngfc;89
jikjflne;455
jjcodfijmijjeej;287
jjkckljoahljee;230
jjmh;49
jjolb;228
jkcgicbkfkjj;226
jlcilanncokmg;406
jldnlelefabbngn;307
jlhmgngelfdl;439
jlkdkhjlnknfe;78
jlmooj;232
jmflkbflknlonom;169
jmje;199
jmjgjmj;255
jmjgni;472
jmljl;146
jnkoedl;116
jobjjoclkoclf;177
jofclkmhibifhln;298
jofhkcnag;266
johhnfn;389
johlc;407
jojdibnngaifg;290
joojlabmikb;227
k;202
k;326
k;417
ka;475
kaccgahfmnmdlc;148
kainiklmadckm;289
kak;131
kalmgbonflbcn;356
kba;356
kbbm;118
kcindmhgjlj;91
kcja;150
kdg;153
kdhjncbadl;228
kdmgioa;418
kdnebehn;43
ke;67
kecmfbnf;144
keeefgald;116
kekafli;286
kf;360
kfffdccfbj;399
kfh;123
kfhhnadiab;175
kfm;159
kfoce;100
kg;371
kgbj;386
kgee;466
kgmnjkmlacah;411
kgnbmjjf;470
kh;199
khbeche;245
kheb;486
khgijlehign;472
khhgi;34
khmifmciobcfg;237
kicfje;301
kiejdnbeif;269
kifdg;120
kihffnmaeecjogd;402
kikl;82
kilkfijneehgje;226
kimkbehijikjfjk;66
kjeec;489
kjhl;455
kjndilcfhlf;335
kjodl;68
kkcalh;314
kkeejdbcnm;280
kkidnbdhjkba;409
kkmfklkccmk;96
kknabcihble;147
kknnacihha;480
klkmjd;465
klm;204
klmononandf;7
klnohdhdeggad;412
km;415
kmejbllagabgj;492
kmjk;144
kmnn;414
knb;425
knhjeahd;13
knifg;394
knjglbn;446
knmmebgkjaa;324
koalnfkigmgi;107
kococff;284
kofcljaofk;180
kokdjgm;342
konnbgalbfnjk;158
l;135
l;330
l;351
lagnbcemmndagn;31
lahcngifefmghfh;174
laimblobbodllk;3
laj;77
lamkljcojclia;295
lbchiofb;353
lbl;146
lbl;45
lblmbiie;217
lbnbcgdin;403
lcaifkehgcane;407
lcilmjoenboh;444
lcnolgbfgbod;129
ldfemjfjjckacc;383
ldkigbmne;256
ldneoa;273
le;473
lekfglf;352
lfaakhf;234
lfagobb;154
lfbbkfinfjb;190
lfbieedingm;429
lfdbglcdcii;155
lg;244
lgdlngkmmifohn;52
lgdodcjaiadgnbl;181
lggd;336
lh;132
lhafdiigddomj;211
lhgc;172
lhofme;488
licfkbacnjkg;335
lidnhhjoof;105
lihikiih;12
lilnbho;456
lindajmgandmo;179
liofcjkhldm;38
ljgcamfdegbkf;57
ljlmjmncmnad;238
lkcilbiahmkjnf;419
lkdlhmoh;211
lledcfodijhnj;283
llkgmbiiohmn;463
lllkfcddgoi;353
llmm;343
llnoimma;493
lm;347
lmdhfefjb;314
lmjaoddo;402
lmminknegelkig;14
ln;263
lneboenjj;210
lnehkolmeil;283
lnjdk;104
lnlanji;414
lnnmick;209
lnoobi;187
loenfhklklo;436
lomanibabcjmk;219
loogbnkakjnkh;176
m;236
m;422
m;487
maciobh;178
macobno;83
madlbkiladj;21
maedidgajmafamm;204
mbemenmcnammc;65
mbkhn;353
mbkjadlhdbffk;262
mbolkfobjk;176
mbonoiialaiccca;414
mce;215
mceadec;111
mcgefjdkmfij;142
mcghijefc;304
mclclcioci;228
mcokbnh;307
mdbnfaccdbj;359
mdcegmfoiaodld;69
mdgea;368
mdkab;203
mdlnk;223
mdniggjide;377
meji;124
melgckmmelnggkd;371
melhdnebmbmh;233
memcge;6
mf;458
mfalhbolc;308
mfcagfjbnkc;10
mfnildkchn;447
mgbemfgg;42
mgefie;189
mgjdi;169
mgjjdj;301
mgleic;250
mh;160
mhcgenbgfmo;147
mhlecikd;52
midanadffdfj;193
midgdhjf;352
migll;24
mijklogladablno;104
mio;164
miomcale;288
mj;458
mjaafligoaghj;58
mjbmg;87
mjdcjagkfggjkm;472
mjflhdbdfff;452
mjkecldgcoigb;111
mjlamfmaagc;424
mjmamcno;38
mkojgcm;75
ml;124
mlaem;9
mlgacgad;305
mli;132
mm;136
mm;455
mmb;348
mmcfdon;118
mmfejne;85
mmj;244
mmmnnghga;27
mmngmmcfebabe;392
mndjkibhlbkom;409
mobbabekgdh;159
mockgdifk;375
moekn;72
mogmnaljfmme;119
mokilockng;53
moknaejmj;352
moljebh;364
n;21
n;7
nagfhonnbki;181
naloalbiflh;347
nbcbacdifibe;181
nbeehfecjebdjhc;478
nbgngbciddbho;88
nc;4
nccdocacbhaf;150
nclim;405
ndaki;21
nddkaimok;16
ndgemdblbollemj;22
ndikmdjlonjje;374
neibaejbd;172
nemb;193
nf;364
nfjkgolmnc;444
nfnaolbbmjg;343
ngbfe;146
ngbjdaabbeom;279
ngclmobg;225
nhhmm;112
nhledcnhfncnkfm;266
nhlggbdiclo;302
nialmanbb;322
niamnenk;488
niglg;8
nilbmbgae;440
niof;425
nj;17
njbibe;409
njicahjlafd;314
nkgloglhihjje;56
nklo;26
nkogfaoglfo;64
nljcljbfgl;459
nlkfje;246
nmcfndfcdmfoi;312
nme;421
nmodihliackjceb;57
nndahdobilom;305
nnfgmimjecofgc;339
nnjfbgl;437
no;126
noflbdoaa;176
nooa;395
o;157
o;265
o;379
o;38
oaajfcdlmcc;213
oacigblnaddhb;374
oafgbflijojbo;112
oahk;454
oakifobllbebo;210
oaliaeiinle;388
obcilkfjgafikee;365
obfnoljk;369
oc;351
oc;414
ocdn;324
ocfkkcfblhhm;150
ocl;295
oclnmomgeoolfg;263
ocn;366
od;338
oddjlonhlo;233
odhhfgejmf;1
odnhegnhhmenb;341
oe;247
oefiddooebg;41
oegg;427
oemaeflleho;166
oeogmn;222
oeonbddajmlbe;410
ofdanc;0
ofhhlhii;371
ofjlhialhmkel;195
ofmeohi;380
ofmndgja;114
ofojeemmaalde;361
ogakajeh;390
ogf;15
ogfblmnindf;223
ognbikfdefj;443
ohaa;484
ohd;19
ohdc;263
ohgcafbbameo;27
ohkhmbdbnbolha;374
oigifkbijjhckl;496
oihfbmdaibid;412
oiiogdgej;93
ojfhll;463
ojial;411
ojnejnegijkf;30
okgb;362
okgcomlh;241
olalodbgmkja;102
olcjo;456
oldgbf;488
oldkmgola;68
olfhbgiehlbdloj;99
om;82
omgi;312
ommal;62
onhndjfeghhi;17
onkcacggkkc;100
oobeaiicjmgkf;177
oofacmmgibf;16
oojjaleca;66
